{"song_time": [0.6172738075256348, 0.6483299732208252, 0.6417527198791504, 0.6030960083007812, 0.5363059043884277, 0.6062159538269043, 0.5756127834320068, 0.6693618297576904, 0.7286207675933838, 0.6423969268798828, 0.5529699325561523, 0.67153000831604, 0.6710031032562256, 0.6028001308441162, 0.6395370960235596, 0.6971099376678467, 0.6147279739379883, 0.5945451259613037, 0.7102408409118652, 0.6246719360351562, 0.6059153079986572, 0.7681190967559814, 0.6387772560119629, 0.6474008560180664, 0.7045400142669678, 0.666327953338623, 0.5753738880157471, 0.671766996383667, 0.6491122245788574, 0.651979923248291, 0.6266779899597168, 0.6932730674743652, 0.6327250003814697, 0.6376931667327881, 0.6414809226989746, 0.6274399757385254, 0.6549887657165527, 0.5314419269561768, 0.6076688766479492, 0.6955461502075195, 0.6279909610748291, 0.6119959354400635, 0.6401081085205078, 0.5520040988922119, 0.7133810520172119, 0.6582200527191162, 0.651209831237793, 0.5470609664916992, 0.5707709789276123, 0.6003789901733398], "words_len_list": [144, 154, 154, 145, 128, 144, 139, 157, 174, 154, 133, 161, 159, 146, 155, 169, 149, 146, 173, 154, 149, 186, 157, 158, 169, 158, 139, 162, 157, 158, 149, 168, 155, 155, 154, 150, 151, 134, 156, 179, 152, 160, 164, 135, 154, 158, 170, 139, 149, 157], "ave token time:": 243.15364153965479, "ave song time": 0.6349894618988037}